{
	"format_version": "1.8.0",
	"animations": {
		"animation.confetti_cannon.confetti": {
			"loop": "hold_on_last_frame",
			"animation_length": 3,
			"bones": {
				"bb_main": {
					"position": {
						"0.0": [0, 0, 0],
						"1.0": ["math.random(-0.5,0.5)", "math.random(-0.5,0.5)", 0],
						"1.125": [0, 0, 0]
					}
				},
				"confetti": {
					"position": {
						"0.0": [0, 0, 0],
						"1.0": [0, -9, 0],
						"1.875": ["0 + math.random(-0.25, 0.25)", "-9 + math.random(-0.25, 0.25)", 0],
						"2.8333": [0, 0, 0],
						"2.9167": [0, 0.25, 0],
						"3.0": [0, 0, 0]
					}
				},
				"mouth": {
					"scale": {
						"0.0": [1, 1, 1],
						"0.9167": [1.3, 0.7, 0.9],
						"1.0417": [1, 1.2, 1.3],
						"1.1667": [1, 1, 1]
					}
				}
			},
			"particle_effects": {
				"0.875": {
					"effect": "confetti",
					"locator": "confetti"
				}
			}
		}
	}
}