{
	"format_version": "1.8.0",
	"animations": {
		"animation.piglin.retreat": {
			"loop": true,
			"bones": {
				"body": {
					"rotation": ["math.max(query.modified_move_speed * -22,-20)", 0, 0],
					"position": [0, "Math.cos(query.anim_time * 800)", 0]
				},
				"head": {
					"rotation": ["-Math.cos(query.anim_time * 800 + 60) * 10 + (math.max(query.modified_move_speed * -22, -20))", 0, 0]
				},
				"rightarm": {
					"rotation": ["-Math.cos(query.anim_time * 400) * 34.38 - 180", 2.99318, -17.25002],
					"position": [0, 1.8, 0]
				},
				"leftarm": {
					"rotation": ["Math.cos(query.anim_time * 400) * 34.38 - 180", -2.24944, 17.35932],
					"position": [0, 1.3, 0]
				},
				"rightleg": {
					"rotation": ["Math.cos(query.anim_time * 400) * 48.132 +(math.min(query.modified_move_speed * 22, 20))", 0, 0]
				},
				"leftleg": {
					"rotation": ["-Math.cos(query.anim_time * 400) * 48.132 + (math.min(query.modified_move_speed * 22,20))", 0, 0]
				}
			}
		}
	}
}