{
    "format_version": "1.8.0",
    "animations": {
        "animation.portal.health": {
            "loop": true,
            "bones": {
                "life_1": { "rotation": [ 0, "query.rotation_to_camera(1)", 0 ]},
                "life_2": { "rotation": [ 0, "query.rotation_to_camera(1)", 0 ]},
                "life_3": { "rotation": [ 0, "query.rotation_to_camera(1)", 0 ]}
            }
        },
        "animation.portal.destroyed_pose": {
            "loop": "hold_on_last_frame",
            "bones": {
                "Portal": { "scale": [ 0, 0, 0 ]},
                "life_1": { "scale": [ 0, 0, 0 ]},
                "life_2": { "scale": [ 0, 0, 0 ]},
                "life_3": { "scale": [ 0, 0, 0 ]},
                "frame": { "rotation": [ -90, 0, 0 ], "position": [ 0, -39, 23 ]}
            }
        },
        "animation.portal.destroy": {
            "loop": "hold_on_last_frame",
            "animation_length": 3.5,
            "bones": {
                "Portal": { "scale": [ 0, 0, 0 ]},
                "life_1": { "scale": [ 0, 0, 0 ]},
                "life_2": { "scale": [ 0, 0, 0 ]},
                "life_3": { "scale": [ 0, 0, 0 ]},
                "frame": {
                    "rotation": {
                        "0.0": [ 0, 0, 0 ],
                        "1.75": [ 0, 0, 0 ],
                        "1.8333": [ 2.5, 0, 0 ],
                        "1.9583": [ -14.25, 0, 0 ],
                        "2.0833": [ -40.71, 0, 0 ],
                        "2.25": [ -90, 0, 0 ]
                    },
                    "position": {
                        "0.0": [ 0, 0, 0 ],
                        "1.75": [ "math.random(-2,2)", "math.random(-2,2)", 0 ],
                        "1.8333": [ 0.2, 2.67, 1.66 ],
                        "1.9583": [ 0.14, -0.83, 7.14 ],
                        "2.0417": [ 0.1, -8.16, 10.79 ],
                        "2.125": [ 0.06, -17.5, 14.45 ],
                        "2.25": [ "0 + math.random(-1,1)", "-39 + math.random(-1,1)", 19.93 ],
                        "2.375": [ 0, -38, 20.7 ],
                        "2.5": [ "0+ math.random(-0.5,0.5)", "-39 + math.random(-0.5,0.5)", 22.23 ],
                        "2.7083": [ 0, -39, 23 ]
                    },
                    "scale": {
                        "1.5833": [ 1, 1, 1 ],
                        "1.6667": [ 0.9, 0.9, 1 ],
                        "1.75": [ 1, 1, 1 ],
                        "1.8333": [ 1.1, 1.1, 1 ],
                        "1.9167": [ 1.1, 1.1, 1 ],
                        "1.9583": [ 1, 1, 1 ]
                    }
                }
            },
            "particle_effects": { "0.0": { "effect": "portal_explosion_large", "locator": "explosion" }}
        },
        "animation.portal.idle": {
            "loop": true,
            "animation_length": 0.04167,
            "bones": { "Portal": { "position": [ 0, 0, -5 ]}, "frame": { "scale": [ 0, 0, 0 ]}},
            "particle_effects": { "0.0": { "effect": "nether_particles", "locator": "explosion" }}
        },
        "animation.portal.flickering": {
            "loop": "hold_on_last_frame",
            "animation_length": 0.5,
            "bones": { "frame": { "scale": [ 0, 0, 0 ]}, "Portal": { "scale": [ 0, 0, 0 ]}},
            "particle_effects": { "0.0": { "effect": "portal_explosion_small", "locator": "explosion" }}
        },
        "animation.portal.unlit": {
            "loop": true,
            "bones": { "Portal": { "scale": [ 0, 0, 0 ]}, "frame": { "scale": [ 0, 0, 0 ]}}
        }
    }
}