{
    "$1_color_format": [ 0.7, 0.79, 0.82 ],
    "$2_color_format": [ 0.2, 0.66, 0.33 ],
    "$3_color_format": [ 0.89, 0.71, 0.57 ],
    "$4_color_format": [ 0.95, 0.45, 0.45 ],
    "$5_color_format": [ 0.72, 0.52, 0.93 ],
    "$6_color_format": [ 0.95, 0.5, 0.07 ],
    "$a_color_format": [ 0.6, 0.93, 0.59 ],
    "$b_color_format": [ 0.95, 0.81, 0.95 ],
    "$c_color_format": [ 1, 0.54, 0.49 ],
    "$9_color_format": [ 0.17, 0.73, 0.87 ],
    "$d_color_format": [ 0.93, 0.08, 0.4 ],
    "$e_color_format": [ 0.93, 0.9, 0.38 ]
}