{
    "format_version": "1.10.0",
    "minecraft:client_entity": {
        "description": {
            "identifier": "pork:host",
            "materials": { "default": "piglin" },
            "textures": {
                "jeb": "textures/entity/host/jeb",
                "guest": "textures/entity/host/guest",
                "blank": "textures/blank"
            },
            "geometry": {
                "jeb": "geometry.host_jeb",
                "guest": "geometry.host_guest",
                "host_locators": "geometry.host_locators"
            },
            "spawn_egg": { "base_color": "#000000", "overlay_color": "#FFFFFF" },
            "particle_effects": { "host_speaker": "pork:host_speaker" },
            "scripts": {
                "initialize": [ "v.attack_state = 0;" ],
                "pre_animation": [
                    "variable.tcos0 = (Math.cos(query.modified_distance_moved * 38.17) * query.modified_move_speed / variable.gliding_speed_value) * 57.3;",
                    "variable.attack = Math.sin((1.0 - (1.0 - variable.attack_time) * (1.0 - variable.attack_time)) * 180.0) * 57.3;",
                    "variable.attack2 = Math.sin(variable.attack_time * 180.0) * 57.3;",
                    "variable.z_bob = Math.cos(query.life_time * 103.13244) * 2.865 + 2.865;",
                    "variable.x_bob = Math.sin(query.life_time * 76.776372) * 2.865;"
                ],
                "animate": [
                    "host_speaker",
                    "move",
                    "bob",
                    "look_at_target_controller",
                    "piglin_attack_controller",
                    { "cape": "q.variant == 0" },
                    { "sneaking": "q.property('pork:is_sneaking')" }
                ]
            },
            "animations": {
                "cape": "animation.host.cape",
                "host_speaker": "controller.animation.particle.host_speaker",
                "move": "animation.piglin.move",
                "bob": "animation.humanoid.bob",
                "sneaking": "animation.player.sneaking",
                "look_at_target_controller": "controller.animation.humanoid.look_at_target",
                "look_at_target_default": "animation.humanoid.look_at_target.default",
                "look_at_target_gliding": "animation.humanoid.look_at_target.gliding",
                "look_at_target_swimming": "animation.humanoid.look_at_target.swimming",
                "piglin_attack_controller": "controller.animation.piglin.attack",
                "crossbow_hold": "animation.piglin.crossbow.hold",
                "crossbow_charge": "animation.piglin.crossbow.charge",
                "melee_attack": "animation.piglin.sword.attack",
                "hand_attack": "animation.piglin.hand.attack"
            },
            "render_controllers": [ "controller.render.host", "controller.render.host.host_locators" ],
            "enable_attachables": true
        }
    }
}