{
    "format_version": "1.10.0",
    "animation_controllers": {
        "controller.animation.well_of_fate.state_controller": {
            "initial_state": "determine",
            "states": {
                "determine": {
                    "transitions": [
                        { "destroyed_pose": "q.property('pork:is_destroyed')" },
                        { "default": "!q.property('pork:is_destroyed')" }
                    ]
                },
                "default": {
                    "transitions": [{ "destroy": "q.property('pork:is_destroyed')" }],
                    "animations": [ "idle" ],
                    "blend_transition": 0.5
                },
                "destroy": {
                    "transitions": [
                        { "default": "!q.property('pork:is_destroyed')" },
                        { "destroyed_pose": "q.all_animations_finished" }
                    ],
                    "animations": [ "destroy" ]
                },
                "destroyed_pose": {
                    "transitions": [{ "default": "!q.property('pork:is_destroyed')" }],
                    "animations": [ "destroyed_pose" ]
                }
            }
        }
    }
}