{
    "format_version": "1.10.0",
    "particle_effect": {
        "description": {
            "identifier": "pork:ethereal.disappear",
            "basic_render_parameters": { "material": "particles_alpha", "texture": "textures/particle/particles" }
        },
        "components": {
            "minecraft:emitter_rate_instant": { "num_particles": 100 },
            "minecraft:emitter_lifetime_expression": { "activation_expression": 1 },
            "minecraft:emitter_shape_sphere": { "offset": [ 0, 0.85, 0 ], "radius": 0.5, "direction": "inwards" },
            "minecraft:particle_lifetime_expression": { "max_lifetime": "Math.random(0.1, 0.35)" },
            "minecraft:particle_initial_speed": 1,
            "minecraft:particle_motion_dynamic": {},
            "minecraft:particle_appearance_billboard": {
                "size": [ 0.1, 0.1 ],
                "facing_camera_mode": "lookat_xyz",
                "uv": {
                    "texture_width": 128,
                    "texture_height": 128,
                    "flipbook": {
                        "base_UV": [ 56, 0 ],
                        "size_UV": [ 8, 8 ],
                        "step_UV": [ -8, 0 ],
                        "frames_per_second": 8,
                        "max_frame": 8,
                        "stretch_to_lifetime": true
                    }
                }
            },
            "minecraft:particle_appearance_lighting": {},
            "minecraft:particle_appearance_tinting": {
                "color": [
                    "variable.particle_random_1*0.25 + 0.75",
                    "variable.particle_random_1*0.25 + 0.75",
                    "variable.particle_random_1*0.25 + 0.75",
                    1
                ]
            }
        }
    }
}