{"format_version":"1.12.0","minecraft:geometry":[{"description":{"identifier":"geometry.balloon_strings","texture_width":32,"texture_height":32,"visible_bounds_width":3,"visible_bounds_height":3.5,"visible_bounds_offset":[0,1.25,0]},"bones":[{"name":"string1","pivot":[0.5,0,0],"cubes":[{"origin":[-0.5,0,0],"size":[2,30,0],"pivot":[0.5,0,0],"rotation":[12.5,0,0],"uv":{"north":{"uv":[10,0],"uv_size":[2,30]}}},{"origin":[-0.5,0,0],"size":[2,30,0],"pivot":[0.5,0,0],"rotation":[0,0,-22.5],"uv":{"north":{"uv":[10,0],"uv_size":[2,30]}}},{"origin":[-0.5,0,0],"size":[2,30,0],"pivot":[0.5,0,0],"rotation":[-12.5,0,22.5],"uv":{"north":{"uv":[10,0],"uv_size":[2,30]}}}]}]}]}