{"format_version":"1.12.0","minecraft:geometry":[{"description":{"identifier":"geometry.balloon_3","texture_width":32,"texture_height":32,"visible_bounds_width":3,"visible_bounds_height":3.5,"visible_bounds_offset":[0,1.25,0]},"bones":[{"name":"1","pivot":[-4,-2,-0.5],"cubes":[{"origin":[-5,14,-5.5],"size":[10,12,10],"uv":{"north":{"uv":[0,0],"uv_size":[10,12]},"east":{"uv":[0,0],"uv_size":[10,12]},"south":{"uv":[0,0],"uv_size":[10,12]},"west":{"uv":[0,0],"uv_size":[10,12]},"up":{"uv":[0,12],"uv_size":[10,10]},"down":{"uv":[0,22],"uv_size":[10,-10]}}},{"origin":[-2,13,-2.5],"size":[4,2,4],"uv":{"north":{"uv":[4,22],"uv_size":[4,2]},"east":{"uv":[4,22],"uv_size":[4,2]},"south":{"uv":[4,22],"uv_size":[4,2]},"west":{"uv":[4,22],"uv_size":[4,2]},"down":{"uv":[0,26],"uv_size":[4,-4]}}}]}]}]}