{"format_version":"1.12.0","minecraft:geometry":[{"description":{"identifier":"geometry.cage_spike_5","texture_width":32,"texture_height":32,"visible_bounds_width":3,"visible_bounds_height":2.5,"visible_bounds_offset":[0,0.75,0]},"bones":[{"name":"bb_main","pivot":[0,0,0],"cubes":[{"origin":[-14,0,-3],"size":[6,16,6],"uv":{"north":{"uv":[0,0],"uv_size":[6,16]},"east":{"uv":[0,0],"uv_size":[6,16]},"south":{"uv":[0,0],"uv_size":[6,16]},"west":{"uv":[0,0],"uv_size":[6,16]},"up":{"uv":[16,6],"uv_size":[-6,-6]},"down":{"uv":[16,6],"uv_size":[-6,-6]}}},{"origin":[8,0,-3],"size":[6,16,6],"uv":{"north":{"uv":[0,0],"uv_size":[6,16]},"east":{"uv":[0,0],"uv_size":[6,16]},"south":{"uv":[0,0],"uv_size":[6,16]},"west":{"uv":[0,0],"uv_size":[6,16]},"up":{"uv":[16,6],"uv_size":[-6,-6]},"down":{"uv":[16,6],"uv_size":[-6,-6]}}}]},{"name":"bone","pivot":[-8,16,0],"rotation":[0,-45,0],"cubes":[{"origin":[-13.12132,16,2.12132],"size":[6,6,0],"uv":{"north":{"uv":[10,10],"uv_size":[6,6]}}}]},{"name":"bone2","pivot":[-8,16,0],"rotation":[0,45,0],"cubes":[{"origin":[-13.12132,16,-2.12132],"size":[6,6,0],"uv":{"north":{"uv":[10,10],"uv_size":[6,6]}}}]},{"name":"bone3","pivot":[8,16,0],"rotation":[0,45,0],"cubes":[{"origin":[7.12132,16,2.12132],"size":[6,6,0],"uv":{"north":{"uv":[10,10],"uv_size":[6,6]}}}]},{"name":"bone4","pivot":[8,16,0],"rotation":[0,-45,0],"cubes":[{"origin":[7.12132,16,-2.12132],"size":[6,6,0],"uv":{"north":{"uv":[10,10],"uv_size":[6,6]}}}]}]}]}