{"format_version":"1.12.0","minecraft:geometry":[{"description":{"identifier":"geometry.cage_spike_2","texture_width":32,"texture_height":32,"visible_bounds_width":2,"visible_bounds_height":2.5,"visible_bounds_offset":[0,0.75,0]},"bones":[{"name":"bb_main","pivot":[0,0,0],"cubes":[{"origin":[-3,0,-3],"size":[6,10,6],"uv":{"north":{"uv":[0,6],"uv_size":[6,10]},"east":{"uv":[0,6],"uv_size":[6,10]},"south":{"uv":[0,6],"uv_size":[6,10]},"west":{"uv":[0,6],"uv_size":[6,10]},"up":{"uv":[16,6],"uv_size":[-6,-6]},"down":{"uv":[16,6],"uv_size":[-6,-6]}}}]},{"name":"bone","pivot":[0,10,0],"rotation":[0,-45,0],"cubes":[{"origin":[-3,10,0],"size":[6,6,0],"uv":{"north":{"uv":[10,10],"uv_size":[6,6]}}}]},{"name":"bone2","pivot":[0,10,0],"rotation":[0,45,0],"cubes":[{"origin":[-3,10,0],"size":[6,6,0],"uv":{"north":{"uv":[10,10],"uv_size":[6,6]}}}]}]}]}