{
	"format_version": "1.12.0",
	"minecraft:geometry": [
		{
			"description": {
				"identifier": "geometry.cage_spike_3",
				"texture_width": 32,
				"texture_height": 32,
				"visible_bounds_width": 3,
				"visible_bounds_height": 2.5,
				"visible_bounds_offset": [0, 0.75, 0]
			},
			"bones": [
				{
					"name": "bb_main",
					"pivot": [0, 0, 0],
					"cubes": [
						{
							"origin": [-14, 0, -3],
							"size": [6, 16, 6],
							"uv": {
								"north": {"uv": [0, 0], "uv_size": [6, 16]},
								"east": {"uv": [0, 0], "uv_size": [6, 16]},
								"south": {"uv": [0, 0], "uv_size": [6, 16]},
								"west": {"uv": [0, 0], "uv_size": [6, 16]},
								"up": {"uv": [16, 6], "uv_size": [-6, -6]},
								"down": {"uv": [16, 6], "uv_size": [-6, -6]}
							}
						},
						{
							"origin": [8, 0, -3],
							"size": [6, 16, 6],
							"uv": {
								"north": {"uv": [0, 0], "uv_size": [6, 16]},
								"east": {"uv": [0, 0], "uv_size": [6, 16]},
								"south": {"uv": [0, 0], "uv_size": [6, 16]},
								"west": {"uv": [0, 0], "uv_size": [6, 16]},
								"up": {"uv": [16, 6], "uv_size": [-6, -6]},
								"down": {"uv": [16, 6], "uv_size": [-6, -6]}
							}
						},
						{
							"origin": [-15, 5, -8],
							"size": [30, 6, 6],
							"uv": {
								"north": {"uv": [1, 26], "uv_size": [30, 6]},
								"east": {"uv": [10, 0], "uv_size": [6, 6]},
								"south": {"uv": [1, 26], "uv_size": [30, 6]},
								"west": {"uv": [10, 0], "uv_size": [6, 6]},
								"up": {"uv": [31, 32], "uv_size": [-30, -6]},
								"down": {"uv": [31, 32], "uv_size": [-30, -6]}
							}
						}
					]
				}
			]
		}
	]
}