{
    "format_version": "1.10.0",
    "particle_effect": {
        "description": {
            "identifier": "pork:host_speaker",
            "basic_render_parameters": { "material": "particles_blend", "texture": "textures/particle/speaker_animation" }
        },
        "components": {
            "minecraft:emitter_local_space": { "position": true, "rotation": true },
            "minecraft:emitter_rate_instant": { "num_particles": 1 },
            "minecraft:emitter_lifetime_expression": {
                "activation_expression": "q.is_alive",
                "expiration_expression": "!q.is_alive"
            },
            "minecraft:emitter_shape_point": {},
            "minecraft:particle_lifetime_expression": { "expiration_expression": "!q.is_alive" },
            "minecraft:particle_initial_speed": 0,
            "minecraft:particle_motion_dynamic": {},
            "minecraft:particle_appearance_billboard": {
                "size": [
                    "(1-query.camera_distance_range_lerp(20,22))/2",
                    "(1-query.camera_distance_range_lerp(20,22))/2"
                ],
                "facing_camera_mode": "rotate_xyz",
                "uv": {
                    "texture_width": 80,
                    "texture_height": 32,
                    "flipbook":{
                        "base_UV": [0,"(!q.property('pork:is_speaking'))*16"],
                        "size_UV": [16,16],
                        "step_UV": [16,0],
                        "max_frame":5,
                        "frames_per_second":2,
                        "stretch_to_lifetime": false,
                        "loop": true

                    },
                    "uv": [ 0, "(!q.property('pork:is_speaking'))*16" ],
                    "uv_size": [ 16, 16 ]
                }
            },
            "minecraft:particle_appearance_tinting": { "color": [ 1, 1, 1, 1 ]}
        }
    }
}