{
    "format_version": "1.10.0",
    "particle_effect": {
        "description": {
            "identifier": "minecraft:falling_border_dust_particle",
            "basic_render_parameters": { "material": "particles_alpha", "texture": "textures/particle/particles" }
        },
        "components": {
            "minecraft:emitter_rate_manual": { "max_particles": 0 },
            "minecraft:emitter_lifetime_expression": { "activation_expression": 0, "expiration_expression": 1 }
        }
    }
}