{
    "format_version": "1.10.0",
    "particle_effect": {
        "description": {
            "identifier": "pork:rift_spiral",
            "basic_render_parameters": { "material": "particles_blend", "texture": "textures/particle/portal_rift" }
        },
        "curves": {
            "variable.size": {
                "type": "bezier_chain",
                "input": "v.particle_age",
                "nodes": {
                    "0.0": { "value": 0, "slope": 0 },
                    "8.0": { "value": 1.5, "slope": 0 },
                    "9.0": { "value": 1.25, "slope": 0 },
                    "10.0": { "value": 1.5, "slope": 0 },
                    "11.0": { "value": 1.25, "slope": 0 },
                    "12.0": { "value": 1.5, "slope": 0 },
                    "13.0": { "value": 0, "slope": 0 }
                }
            }
        },
        "components": {
            "minecraft:emitter_rate_instant": { "num_particles": 1 },
            "minecraft:emitter_lifetime_once": { "active_time": 13 },
            "minecraft:emitter_shape_point": {},
            "minecraft:particle_lifetime_expression": { "max_lifetime": 13 },
            "minecraft:particle_appearance_billboard": {
                "size": [ "v.size", "v.size" ],
                "facing_camera_mode": "lookat_y",
                "uv": {
                    "texture_width": 928,
                    "texture_height": 32,
                    "flipbook": {
                        "base_UV": [ 0, 0 ],
                        "size_UV": [ 32, 32 ],
                        "step_UV": [ 32, 0 ],
                        "frames_per_second": 15,
                        "max_frame": 29,
                        "loop": true
                    }
                }
            }
        }
    }
}