{
    "format_version": "1.10.0",
    "particle_effect": {
        "description": {
            "identifier": "pork:rift_particle",
            "basic_render_parameters": { "material": "particles_alpha", "texture": "textures/particle/particles" }
        },
        "components": {
            "minecraft:emitter_rate_instant": { "num_particles": 1 },
            "minecraft:emitter_lifetime_expression": { "activation_expression": 1, "expiration_expression": 1 },
            "minecraft:emitter_shape_box": {
                "half_dimensions": [ 1.5, 1.5, 1.5 ],
                "direction": [
                    "variable.particle_random_2 < 0.5 ? 1: -1",
                    "variable.particle_random_2 < 0.5 ? 1: -1",
                    "variable.particle_random_2 < 0.5 ? -1: 1"
                ]
            },
            "minecraft:particle_initialization": {
                "per_render_expression": "variable.alpha = variable.particle_age/variable.particle_lifetime; variable.size = (variable.particle_random_2 * 0.02 + 0.05) * (2*variable.alpha - variable.alpha*variable.alpha); variable.color_base = variable.particle_random_1 * 0.6 + 0.4;"
            },
            "minecraft:particle_lifetime_expression": { "max_lifetime": "Math.Random(1.0,1.45)" },
            "minecraft:particle_initial_speed": 1,
            "minecraft:particle_motion_dynamic": {
                "linear_acceleration": [ 0, 0, "variable.particle_random_2 < 0.5 ? 1.5 : -1.5" ]
            },
            "minecraft:particle_appearance_billboard": {
                "size": [ "variable.size", "variable.size" ],
                "facing_camera_mode": "lookat_xyz",
                "uv": {
                    "texture_width": 128,
                    "texture_height": 128,
                    "uv": [ "Math.round(variable.particle_random_3*8)*8", 0 ],
                    "uv_size": [ 8, 8 ]
                }
            },
            "minecraft:particle_appearance_tinting": {
                "color": [ "variable.color_base", "variable.color_base * 0.3", "variable.color_base * 0.9", 1 ]
            }
        }
    }
}