{
    "format_version": "1.10.0",
    "particle_effect": {
        "description": {
            "identifier": "pork:portal_explosion_large",
            "basic_render_parameters": { "material": "particles_alpha", "texture": "textures/particle/explosion" }
        },
        "components": {
            "minecraft:emitter_rate_steady": { "spawn_rate": 10, "max_particles": 20 },
            "minecraft:emitter_lifetime_once": { "active_time": 2 },
            "minecraft:emitter_shape_box": { "half_dimensions": [ 3, 3, 0 ], "direction": "outwards" },
            "minecraft:particle_lifetime_expression": { "max_lifetime": "math.random(1,1.25)" },
            "minecraft:particle_initial_spin": { "rotation": "math.round(math.random(1,4))*90" },
            "minecraft:particle_appearance_billboard": {
                "size": [
                    "math.max(variable.particle_random_1, 0.5 ) * 3",
                    "math.max(variable.particle_random_1, 0.5 ) * 3"
                ],
                "facing_camera_mode": "rotate_xyz",
                "uv": {
                    "texture_width": 320,
                    "texture_height": 32,
                    "flipbook": {
                        "base_UV": [ 0, 0 ],
                        "size_UV": [ 32, 32 ],
                        "step_UV": [ 32, 0 ],
                        "max_frame": 11,
                        "stretch_to_lifetime": true
                    }
                }
            },
            "minecraft:particle_appearance_tinting": { "color": [ 1, 1, 1, 1 ]}
        }
    }
}