{
    "format_version": "1.10.0",
    "particle_effect": {
        "description": {
            "identifier": "pork:unbuilt_structure_tower",
            "basic_render_parameters": { "material": "particles_blend", "texture": "textures/particle/unbuilt_tower" }
        },
        "components": {
            "minecraft:emitter_local_space": { "position": true, "rotation": true },
            "minecraft:emitter_rate_instant": { "num_particles": 1 },
            "minecraft:emitter_lifetime_looping": { "active_time": "10 - 1/30" },
            "minecraft:emitter_shape_point": { "offset": [ 1, 0.01, 1 ], "direction": [ 0, 1, 0 ]},
            "minecraft:particle_lifetime_expression": { "max_lifetime": 10 },
            "minecraft:particle_appearance_billboard": {
                "size": [ 1.5, 1.5 ],
                "facing_camera_mode": "emitter_transform_xz",
                "uv": { "texture_width": 48, "texture_height": 48, "uv": [ 0, 0 ], "uv_size": [ 48, 48 ]}
            },
            "minecraft:particle_appearance_tinting": {
                "color": {
                    "interpolant": "Math.cos(v.particle_age * 180) + 1",
                    "gradient": { "0.0": "#FF0BB4FF", "2.0": "#FF97F7FE" }
                }
            }
        }
    }
}