{
    "format_version": "1.10.0",
    "minecraft:client_entity": {
        "description": {
            "identifier": "pork:enemy_skullcrusher",
            "materials": { "default": "piglin" },
            "textures": { "default": "textures/entity/piglin/piglin" },
            "geometry": { "default": "geometry.piglin" },
            "spawn_egg": { "base_color": "#AFD6DC", "overlay_color": "#0995AB" },
            "scripts": {
                "initialize": [ "v.attack_state = 0;" ],
                "pre_animation": [
                    "variable.tcos0 = (Math.cos(query.modified_distance_moved * 38.17) * query.modified_move_speed / variable.gliding_speed_value) * 57.3;",
                    "variable.attack = Math.sin((1.0 - (1.0 - variable.attack_time) * (1.0 - variable.attack_time)) * 180.0) * 57.3;",
                    "variable.attack2 = Math.sin(variable.attack_time * 180.0) * 57.3;",
                    "variable.z_bob = Math.cos(query.life_time * 103.13244) * 2.865 + 2.865;",
                    "variable.x_bob = Math.sin(query.life_time * 76.776372) * 2.865;",
                    "v.play_retreating_animation = q.property('pork:is_retreating') || q.property('pork:is_panicking');"
                ],
                "animate": [
                    { "celebrate_hunt_special": "query.property('pork:is_celebrating')" },
                    { "move": "!v.play_retreating_animation" },
                    "bob",
                    { "look_at_target_controller": "!v.play_retreating_animation" },
                    "piglin_attack_controller",
                    { "retreat": "v.play_retreating_animation" }
                ]
            },
            "animations": {
                "move": "animation.piglin.move",
                "bob": "animation.humanoid.bob",
                "celebrate_hunt_special": "animation.piglin.celebrate_hunt_special",
                "look_at_target_controller": "controller.animation.humanoid.look_at_target",
                "look_at_target_default": "animation.humanoid.look_at_target.default",
                "look_at_target_gliding": "animation.humanoid.look_at_target.gliding",
                "look_at_target_swimming": "animation.humanoid.look_at_target.swimming",
                "piglin_attack_controller": "controller.animation.piglin.attack",
                "crossbow_hold": "animation.piglin.crossbow.hold",
                "crossbow_charge": "animation.piglin.crossbow.charge",
                "melee_attack": "animation.piglin.sword.attack",
                "hand_attack": "animation.piglin.hand.attack",
                "retreat": "animation.piglin.retreat"
            },
            "render_controllers": [ "controller.render.gm1.default" ],
            "enable_attachables": true
        }
    }
}