{
	"format_version": "1.12.0",
	"minecraft:geometry": [
		{
			"description": {
				"identifier": "geometry.host_jeb_on_horse",
				"texture_width": 128,
				"texture_height": 64,
				"visible_bounds_width": 4,
				"visible_bounds_height": 4,
				"visible_bounds_offset": [0, 2, 0]
			},
			"bones": [
				{
					"name": "horse",
					"pivot": [0, 13, 9],
					"cubes": [
						{"origin": [-5, 11, -11], "size": [10, 10, 22], "uv": [0, 32]}
					]
				},
				{
					"name": "Tail",
					"parent": "horse",
					"pivot": [0, 20, 11],
					"rotation": [25, 0, 0],
					"cubes": [
						{"origin": [-1.5, 6, 9], "size": [3, 14, 4], "uv": [42, 36]}
					]
				},
				{
					"name": "LegBL",
					"parent": "horse",
					"pivot": [3, 11, 9],
					"cubes": [
						{"origin": [1, 0, 7], "size": [4, 11, 4], "uv": [48, 21], "mirror": true}
					]
				},
				{
					"name": "LegBR",
					"parent": "horse",
					"pivot": [-3, 11, 9],
					"cubes": [
						{"origin": [-5, 0, 7], "size": [4, 11, 4], "uv": [48, 21]}
					]
				},
				{
					"name": "LegFL",
					"parent": "horse",
					"pivot": [3, 11, -9],
					"cubes": [
						{"origin": [1, 0, -11], "size": [4, 11, 4], "uv": [48, 21], "mirror": true}
					]
				},
				{
					"name": "LegFR",
					"parent": "horse",
					"pivot": [-3, 11, -9],
					"cubes": [
						{"origin": [-5, 0, -11], "size": [4, 11, 4], "uv": [48, 21]}
					]
				},
				{
					"name": "Neck",
					"parent": "horse",
					"pivot": [0, 17, -8],
					"rotation": [30, 0, 0],
					"cubes": [
						{"origin": [-2, 16, -11], "size": [4, 12, 7], "uv": [0, 35]}
					],
					"locators": {
						"lead": [0, 17, -8]
					}
				},
				{
					"name": "Head",
					"parent": "Neck",
					"pivot": [0, 28, -11],
					"cubes": [
						{"origin": [-3, 28, -11], "size": [6, 5, 7], "uv": [0, 13]}
					]
				},
				{
					"name": "Muzzle",
					"parent": "Head",
					"pivot": [0, 28, -11],
					"cubes": [
						{"origin": [-2, 28, -16], "size": [4, 5, 5], "uv": [0, 25]}
					]
				},
				{
					"name": "EarL",
					"parent": "Head",
					"pivot": [0, 17, -8],
					"rotation": [0, 0, 5],
					"cubes": [
						{"origin": [-0.5, 32, -5.01], "size": [2, 3, 1], "uv": [19, 16], "mirror": true}
					]
				},
				{
					"name": "EarR",
					"parent": "Head",
					"pivot": [0, 17, -8],
					"rotation": [0, 0, -5],
					"cubes": [
						{"origin": [-1.5, 32, -5.01], "size": [2, 3, 1], "uv": [19, 16]}
					]
				},
				{
					"name": "MuleEarL",
					"parent": "Head",
					"pivot": [0, 17, -8],
					"rotation": [0, 0, 15],
					"cubes": [
						{"origin": [-3, 32, -5.01], "size": [2, 7, 1], "uv": [0, 12], "mirror": true}
					]
				},
				{
					"name": "MuleEarR",
					"parent": "Head",
					"pivot": [0, 17, -8],
					"rotation": [0, 0, -15],
					"cubes": [
						{"origin": [1, 32, -5.01], "size": [2, 7, 1], "uv": [0, 12]}
					]
				},
				{
					"name": "ReinsL",
					"parent": "Head",
					"pivot": [2, 30.5, -13.5],
					"rotation": [-35, 0, 0],
					"cubes": [
						{"origin": [3.1, 29, -13], "size": [0, 3, 16], "uv": [32, 2]}
					]
				},
				{
					"name": "ReinsR",
					"parent": "Head",
					"pivot": [-3, 30.5, -13.5],
					"rotation": [-35, 0, 0],
					"cubes": [
						{"origin": [-3.1, 29, -13], "size": [0, 3, 16], "uv": [32, 2]}
					]
				},
				{
					"name": "Bridle",
					"parent": "Head",
					"pivot": [0, 17, -8],
					"cubes": [
						{"origin": [-2, 28, -13], "size": [4, 5, 2], "inflate": 0.25, "uv": [19, 0]},
						{"origin": [-3, 28, -11], "size": [6, 5, 7], "inflate": 0.25, "uv": [0, 0]}
					]
				},
				{
					"name": "BitL",
					"parent": "Bridle",
					"pivot": [0, 17, -8],
					"cubes": [
						{"origin": [2, 29, -14], "size": [1, 2, 2], "uv": [29, 5]}
					]
				},
				{
					"name": "BitR",
					"parent": "Bridle",
					"pivot": [0, 17, -8],
					"cubes": [
						{"origin": [-3, 29, -14], "size": [1, 2, 2], "uv": [29, 5]}
					]
				},
				{
					"name": "Mane",
					"parent": "Neck",
					"pivot": [0, 17, -8],
					"cubes": [
						{"origin": [-1, 17, -3.95], "size": [2, 16, 2], "uv": [56, 36]}
					]
				},
				{
					"name": "BagL",
					"parent": "horse",
					"pivot": [5, 21, 11],
					"rotation": [0, 90, 0],
					"cubes": [
						{"origin": [6, 13, 11], "size": [8, 8, 3], "uv": [26, 21], "mirror": true}
					]
				},
				{
					"name": "BagR",
					"parent": "horse",
					"pivot": [-5, 21, 11],
					"rotation": [0, -90, 0],
					"cubes": [
						{"origin": [-14, 13, 11], "size": [8, 8, 3], "uv": [26, 21]}
					]
				},
				{
					"name": "Saddle",
					"parent": "horse",
					"pivot": [0, 22, 2],
					"cubes": [
						{"origin": [-5, 12, -3.5], "size": [10, 9, 9], "inflate": 0.5, "uv": [26, 0]}
					]
				},
				{
					"name": "root",
					"pivot": [0, 10.5, 3]
				},
				{
					"name": "human_body",
					"parent": "root",
					"pivot": [0, 22.5, 3],
					"cubes": [
						{
							"origin": [-4, 22.5, 1],
							"size": [8, 12, 4],
							"uv": {
								"north": {"uv": [68, 29], "uv_size": [8, 12]},
								"east": {"uv": [64, 29], "uv_size": [4, 12]},
								"south": {"uv": [76, 29], "uv_size": [8, 12]},
								"west": {"uv": [64, 29], "uv_size": [4, 12]},
								"up": {"uv": [68, 25], "uv_size": [8, 4]},
								"down": {"uv": [76, 29], "uv_size": [8, -4]}
							}
						}
					]
				},
				{
					"name": "cape",
					"parent": "human_body",
					"pivot": [0, 34, 6],
					"cubes": [
						{
							"origin": [-5, 20, 5],
							"size": [10, 15, 1],
							"pivot": [0, 35, 7],
							"rotation": [24.9549, 0.62027, -0.22852],
							"uv": {
								"north": {"uv": [118, 0], "uv_size": [10, 15]},
								"east": {"uv": [118, 0], "uv_size": [1, 6]},
								"south": {"uv": [128, 0], "uv_size": [-10, 15]},
								"west": {"uv": [118, 0], "uv_size": [1, 8]},
								"up": {"uv": [120, 1], "uv_size": [-2, -1]},
								"down": {"uv": [120, 1], "uv_size": [-2, -1]}
							}
						}
					]
				},
				{
					"name": "head2",
					"parent": "human_body",
					"pivot": [0, 22.5, 3],
					"cubes": [
						{
							"origin": [-6.5, 34.5, -2.5],
							"size": [13, 14, 11],
							"uv": {
								"north": {"uv": [75, 11], "uv_size": [13, 14]},
								"east": {"uv": [64, 11], "uv_size": [11, 14]},
								"south": {"uv": [88, 11], "uv_size": [13, 14]},
								"west": {"uv": [75, 11], "uv_size": [-11, 14]},
								"up": {"uv": [75, 0], "uv_size": [13, 11]},
								"down": {"uv": [88, 11], "uv_size": [13, -11]}
							}
						},
						{
							"origin": [-3.5, 31.5, 8.5],
							"size": [7, 9, 6],
							"uv": {
								"north": {"uv": [107, 6], "uv_size": [7, 9]},
								"east": {"uv": [101, 6], "uv_size": [6, 9]},
								"south": {"uv": [107, 6], "uv_size": [7, 9]},
								"west": {"uv": [107, 6], "uv_size": [-6, 9]},
								"up": {"uv": [101, 0], "uv_size": [7, 6]},
								"down": {"uv": [108, 6], "uv_size": [6, -6]}
							}
						}
					]
				},
				{
					"name": "human_rightarm",
					"parent": "human_body",
					"pivot": [-4, 33.5, 3],
					"rotation": [-36, 0, 0],
					"cubes": [
						{
							"origin": [-8, 22.5, 1],
							"size": [4, 12, 4],
							"uv": {
								"north": {"uv": [88, 29], "uv_size": [4, 12]},
								"east": {"uv": [88, 29], "uv_size": [4, 12]},
								"south": {"uv": [88, 29], "uv_size": [4, 12]},
								"west": {"uv": [88, 29], "uv_size": [4, 12]},
								"up": {"uv": [88, 25], "uv_size": [4, 4]},
								"down": {"uv": [92, 29], "uv_size": [4, -4]}
							}
						}
					]
				},
				{
					"name": "human_leftarm",
					"parent": "human_body",
					"pivot": [4, 33.5, 3],
					"rotation": [-36, 0, 0],
					"cubes": [
						{
							"origin": [4, 22.5, 1],
							"size": [4, 12, 4],
							"uv": {
								"north": {"uv": [92, 29], "uv_size": [-4, 12]},
								"east": {"uv": [92, 29], "uv_size": [-4, 12]},
								"south": {"uv": [92, 29], "uv_size": [-4, 12]},
								"west": {"uv": [92, 29], "uv_size": [-4, 12]},
								"up": {"uv": [92, 25], "uv_size": [-4, 4]},
								"down": {"uv": [96, 29], "uv_size": [-4, -4]}
							}
						}
					]
				},
				{
					"name": "human_rightleg",
					"parent": "human_body",
					"pivot": [0, 22.5, 3],
					"rotation": [-72, 18, 0],
					"cubes": [
						{
							"origin": [-4, 10.5, 1],
							"size": [4, 12, 4],
							"uv": {
								"north": {"uv": [101, 29], "uv_size": [4, 12]},
								"east": {"uv": [105, 29], "uv_size": [4, 12]},
								"south": {"uv": [105, 29], "uv_size": [-4, 12]},
								"west": {"uv": [105, 29], "uv_size": [4, 12]},
								"up": {"uv": [101, 25], "uv_size": [4, 4]},
								"down": {"uv": [105, 29], "uv_size": [4, -4]}
							}
						}
					]
				},
				{
					"name": "human_leftleg",
					"parent": "human_body",
					"pivot": [0, 22.5, 3],
					"rotation": [-72, -18, 0],
					"cubes": [
						{
							"origin": [0, 10.5, 1],
							"size": [4, 12, 4],
							"uv": {
								"north": {"uv": [105, 29], "uv_size": [-4, 12]},
								"east": {"uv": [109, 29], "uv_size": [-4, 12]},
								"south": {"uv": [101, 29], "uv_size": [4, 12]},
								"west": {"uv": [109, 29], "uv_size": [-4, 12]},
								"up": {"uv": [105, 25], "uv_size": [-4, 4]},
								"down": {"uv": [109, 29], "uv_size": [-4, -4]}
							}
						}
					]
				}
			]
		}
	]
}