{
	"format_version": "1.12.0",
	"minecraft:geometry": [
		{
			"description": {
				"identifier": "geometry.presentation",
				"texture_width": 240,
				"texture_height": 180,
				"visible_bounds_width": 6,
				"visible_bounds_height": 6,
				"visible_bounds_offset": [0, 1, 0]
			},
			"bones": [
				{
					"name": "root",
					"pivot": [0, 0, 0],
					"cubes": [
						{
							"origin": [-36, 0, 0],
							"size": [72, 54, 0],
							"uv": {
								"north": {
									"uv": [0, 0],
									"uv_size": [240, 180]
								}
							}
						}
					]
				}
			]
		}
	]
}