{
    "format_version": "1.12.0",
    "minecraft:geometry": [
        {
            "description": {
                "identifier": "geometry.structure_resource",
                "texture_width": 18,
                "texture_height": 18,
                "visible_bounds_width": 4,
                "visible_bounds_height": 4.5,
                "visible_bounds_offset": [ 0, 1.75, 0 ]
            },
            "bones": [
                {
                    "name": "root",
                    "pivot": [ 0, 8, 0 ],
                    "cubes": [
                        {
                            "origin": [ -9, 0, 0 ],
                            "size": [ 18, 18, 0 ],
                            "uv": {
                                "north": { "uv": [ 0, 0 ], "uv_size": [ 18, 18 ]},
                                "east": { "uv": [ 0, 0 ], "uv_size": [ 0, 4 ]},
                                "south": { "uv": [ 0, 0 ], "uv_size": [ 0, 0 ]},
                                "west": { "uv": [ 4, 0 ], "uv_size": [ 0, 4 ]},
                                "up": { "uv": [ 0, 0 ], "uv_size": [ 4, 0 ]},
                                "down": { "uv": [ 4, 0 ], "uv_size": [ 4, 0 ]}
                            }
                        }
                    ]
                }
            ]
        }
    ]
}